{
  "plot_type": "bar",
  "image_path": "/home/user/imfplots/9781484392935_f0028-01.jpg",
  "plot_area": [
    55,
    35,
    522,
    300
  ],
  "data": {
    "series_0": {
      "x_positions": [
        42,
        43,
        44,
        45,
        46,
        47,
        48,
        49,
        50,
        51,
        52,
        53,
        54,
        55,
        56,
        59,
        61,
        62,
        63,
        64,
        65,
        66,
        67,
        68,
        69,
        70,
        71,
        72,
        73,
        74
      ],
      "values": [
        91.69811320754717,
        76.60377358490567,
        96.22641509433963,
        92.83018867924528,
        96.98113207547169,
        97.35849056603773,
        97.35849056603773,
        100.0,
        100.0,
        91.69811320754717,
        90.9433962264151,
        100.0,
        99.24528301886792,
        89.05660377358491,
        89.05660377358491,
        81.13207547169812,
        79.62264150943396,
        82.26415094339623,
        79.62264150943396,
        96.60377358490567,
        96.60377358490567,
        96.60377358490567,
        96.60377358490567,
        96.60377358490567,
        96.60377358490567,
        69.81132075471697,
        69.43396226415094,
        70.18867924528301,
        70.18867924528301,
        70.18867924528301
      ],
      "color": [
        110,
        141,
        125
      ]
    },
    "series_2": {
      "x_positions": [
        0,
        11,
        12,
        13,
        14,
        15,
        16,
        20,
        23,
        24,
        25,
        26,
        27,
        28,
        29,
        30,
        31,
        32,
        33,
        34,
        35,
        36,
        37,
        38,
        39,
        40,
        41,
        42,
        43,
        44,
        45,
        46,
        47,
        48,
        49,
        50,
        51,
        52,
        53,
        54,
        55,
        56,
        58,
        59,
        61,
        62,
        63,
        64,
        65,
        66,
        67,
        68,
        69,
        72,
        73,
        74
      ],
      "values": [
        100.0,
        78.11320754716982,
        75.47169811320755,
        75.84905660377359,
        77.35849056603774,
        78.11320754716982,
        78.11320754716982,
        77.35849056603774,
        79.24528301886792,
        78.8679245283019,
        78.11320754716982,
        78.11320754716982,
        78.11320754716982,
        85.28301886792453,
        84.52830188679246,
        89.81132075471699,
        94.33962264150944,
        95.47169811320755,
        95.47169811320755,
        72.83018867924528,
        92.45283018867924,
        94.33962264150944,
        95.47169811320755,
        97.35849056603773,
        100.0,
        90.9433962264151,
        100.0,
        92.45283018867924,
        96.22641509433963,
        97.35849056603773,
        100.0,
        99.62264150943396,
        97.73584905660377,
        99.62264150943396,
        94.71698113207547,
        100.0,
        92.0754716981132,
        90.18867924528303,
        99.62264150943396,
        98.86792452830188,
        81.88679245283019,
        81.88679245283019,
        81.13207547169812,
        82.26415094339623,
        95.09433962264151,
        96.60377358490567,
        96.22641509433963,
        96.98113207547169,
        96.22641509433963,
        96.98113207547169,
        96.98113207547169,
        96.60377358490567,
        96.98113207547169,
        67.16981132075472,
        67.16981132075472,
        67.9245283018868
      ],
      "color": [
        196,
        199,
        192
      ]
    },
    "series_3": {
      "x_positions": [
        9,
        10,
        13,
        14,
        15,
        16,
        20,
        21,
        22,
        23,
        25,
        26,
        27,
        28,
        29,
        30,
        31,
        32,
        33,
        34,
        35,
        36,
        37,
        38,
        39,
        40,
        41,
        42,
        43,
        44
      ],
      "values": [
        77.73584905660378,
        77.73584905660378,
        77.73584905660378,
        75.84905660377359,
        77.73584905660378,
        77.35849056603774,
        79.24528301886792,
        79.24528301886792,
        78.49056603773586,
        79.24528301886792,
        92.83018867924528,
        93.58490566037736,
        92.83018867924528,
        94.71698113207547,
        95.47169811320755,
        95.47169811320755,
        95.09433962264151,
        95.47169811320755,
        95.47169811320755,
        95.09433962264151,
        100.0,
        100.0,
        100.0,
        100.0,
        90.56603773584906,
        89.43396226415095,
        100.0,
        100.0,
        90.18867924528303,
        89.05660377358491
      ],
      "color": [
        178,
        42,
        55
      ]
    },
    "series_4": {
      "x_positions": [
        9,
        10,
        11,
        12,
        13,
        14,
        15,
        16,
        21,
        23,
        24,
        25,
        26,
        27,
        28,
        29,
        30,
        31,
        32,
        33,
        34,
        35,
        36,
        37,
        38,
        39,
        40,
        41,
        42,
        43,
        44,
        45
      ],
      "values": [
        78.11320754716982,
        75.47169811320755,
        78.11320754716982,
        75.47169811320755,
        78.11320754716982,
        78.11320754716982,
        78.11320754716982,
        78.11320754716982,
        79.62264150943396,
        76.9811320754717,
        79.24528301886792,
        93.20754716981132,
        90.18867924528303,
        93.58490566037736,
        92.0754716981132,
        92.45283018867924,
        95.84905660377359,
        92.0754716981132,
        95.84905660377359,
        95.09433962264151,
        95.47169811320755,
        95.84905660377359,
        98.86792452830188,
        95.47169811320755,
        100.0,
        87.9245283018868,
        100.0,
        99.24528301886792,
        87.9245283018868,
        89.81132075471699,
        89.05660377358491,
        91.32075471698113
      ],
      "color": [
        201,
        129,
        117
      ]
    }
  },
  "metadata": {
    "title": "CIT Revenue Change vs DBCFT Adoption Revenue Change",
    "description": "Scatter plot showing relationship between DBCFT adoption revenue impact and CIT revenue change",
    "plot_type": "scatter_plot",
    "x_axis": {
      "label": "DBCFT Adoption, Revenue Percent Change",
      "unit": "percent",
      "range": [
        -200,
        400
      ]
    },
    "y_axis": {
      "label": "CIT Revenue, Percent Change",
      "unit": "percent",
      "range": [
        -50,
        0
      ]
    },
    "reference_lines": {
      "vertical": {
        "position": 0,
        "style": "dashed",
        "description": "Zero revenue change from DBCFT adoption"
      }
    },
    "labeled_countries": [
      "CHN",
      "MLT",
      "KWT",
      "BHR",
      "EST",
      "CYP",
      "QAT",
      "LTU",
      "LVA",
      "SVN",
      "ISL",
      "GRC",
      "HUN",
      "POL",
      "SVK",
      "ISR",
      "BGR",
      "BOL",
      "NZL",
      "PRT",
      "ROU",
      "FIN",
      "NLD",
      "SWE",
      "CHE",
      "LUX",
      "KOR",
      "AUS",
      "JPN",
      "CAN",
      "DEU",
      "GBR",
      "HND",
      "MEX",
      "GTI",
      "PER"
    ],
    "color_coding": {
      "red": "Countries with negative CIT revenue change",
      "green": "Countries with minimal or positive outcomes"
    },
    "notes": "Most countries cluster in negative CIT revenue change zone; MEX shows extreme positive DBCFT adoption change"
  }
}