{
  "plot_type": "bar",
  "image_path": "/home/user/imfplots/9781484392935_f0029-01.jpg",
  "plot_area": [
    55,
    36,
    522,
    312
  ],
  "data": {
    "series_0": {
      "x_positions": [
        3,
        5,
        7,
        8,
        9,
        35,
        37,
        40,
        71,
        72,
        73,
        74,
        75,
        76,
        77,
        78,
        80,
        81,
        82,
        83,
        84,
        86,
        87,
        88,
        89,
        90,
        91,
        92,
        93,
        94,
        95,
        96,
        97,
        98,
        99
      ],
      "values": [
        28.26086956521739,
        28.985507246376812,
        26.811594202898554,
        28.26086956521739,
        28.985507246376812,
        100.0,
        100.0,
        100.0,
        45.289855072463766,
        45.65217391304348,
        47.82608695652174,
        47.82608695652174,
        46.73913043478261,
        97.82608695652173,
        45.65217391304348,
        99.63768115942028,
        83.69565217391305,
        84.42028985507247,
        99.63768115942028,
        99.63768115942028,
        99.63768115942028,
        66.66666666666666,
        92.7536231884058,
        90.57971014492753,
        93.11594202898551,
        69.20289855072464,
        68.11594202898551,
        93.11594202898551,
        93.11594202898551,
        92.3913043478261,
        93.11594202898551,
        53.62318840579711,
        52.17391304347826,
        40.94202898550724,
        41.66666666666667
      ],
      "color": [
        210,
        134,
        111
      ]
    },
    "series_2": {
      "x_positions": [
        1,
        2,
        3,
        4,
        5,
        6,
        7,
        8,
        9,
        33,
        35,
        70,
        71,
        72,
        74,
        76,
        77,
        78,
        79,
        80,
        81,
        82,
        83,
        84,
        85,
        86,
        87,
        88,
        89,
        90,
        91,
        92,
        93,
        94,
        95,
        96,
        97,
        98,
        99
      ],
      "values": [
        28.985507246376812,
        29.347826086956523,
        28.985507246376812,
        29.347826086956523,
        26.08695652173913,
        29.347826086956523,
        29.347826086956523,
        27.173913043478258,
        29.347826086956523,
        99.63768115942028,
        100.0,
        46.73913043478261,
        47.82608695652174,
        46.3768115942029,
        46.3768115942029,
        82.6086956521739,
        97.10144927536231,
        98.91304347826086,
        100.0,
        100.0,
        100.0,
        100.0,
        100.0,
        22.463768115942027,
        97.46376811594203,
        69.20289855072464,
        92.02898550724638,
        93.11594202898551,
        67.7536231884058,
        93.47826086956522,
        93.47826086956522,
        93.47826086956522,
        90.21739130434783,
        93.47826086956522,
        93.47826086956522,
        54.347826086956516,
        55.434782608695656,
        58.69565217391305,
        60.86956521739131
      ],
      "color": [
        206,
        191,
        191
      ]
    },
    "series_3": {
      "x_positions": [
        0
      ],
      "values": [
        100.0
      ],
      "color": [
        121,
        127,
        133
      ]
    },
    "series_4": {
      "x_positions": [
        1,
        2,
        3,
        4,
        6,
        7,
        8,
        9,
        32,
        33,
        35,
        36,
        38,
        39,
        70,
        71,
        72,
        73,
        74,
        75,
        76,
        77,
        78,
        79,
        80,
        81,
        82,
        83,
        84,
        85,
        86,
        87,
        88,
        89,
        90,
        91,
        92,
        93,
        94,
        95,
        96,
        97,
        98,
        99
      ],
      "values": [
        28.6231884057971,
        28.985507246376812,
        28.6231884057971,
        28.985507246376812,
        26.811594202898554,
        28.985507246376812,
        28.985507246376812,
        28.6231884057971,
        100.0,
        100.0,
        100.0,
        100.0,
        100.0,
        100.0,
        46.73913043478261,
        47.10144927536232,
        46.73913043478261,
        46.3768115942029,
        46.73913043478261,
        46.3768115942029,
        98.91304347826086,
        99.63768115942028,
        98.55072463768117,
        97.46376811594203,
        99.63768115942028,
        99.63768115942028,
        98.55072463768117,
        99.63768115942028,
        99.63768115942028,
        97.10144927536231,
        68.84057971014492,
        93.11594202898551,
        93.11594202898551,
        67.7536231884058,
        92.02898550724638,
        93.11594202898551,
        93.11594202898551,
        93.11594202898551,
        92.7536231884058,
        92.7536231884058,
        54.710144927536234,
        42.028985507246375,
        42.391304347826086,
        40.57971014492754
      ],
      "color": [
        171,
        52,
        59
      ]
    }
  },
  "metadata": {
    "title": "CIT Revenue Change vs DBCFT Adoption (Negative Range Focus)",
    "description": "Scatter plot focusing on countries with negative revenue changes from both CIT and DBCFT adoption",
    "plot_type": "scatter_plot",
    "x_axis": {
      "label": "DBCFT Adoption, Revenue Percent Change",
      "unit": "percent",
      "range": [
        -200,
        0
      ]
    },
    "y_axis": {
      "label": "CIT Revenue, Percent Change",
      "unit": "percent",
      "range": [
        -60,
        0
      ]
    },
    "reference_lines": {
      "vertical": {
        "position": 0,
        "style": "dashed",
        "description": "Zero revenue change from DBCFT adoption"
      },
      "diagonal": {
        "present": true,
        "style": "dashed",
        "description": "Reference trend line"
      }
    },
    "labeled_countries": [
      "CHN",
      "UKR",
      "HRV",
      "IRL",
      "KAZ",
      "CZE",
      "KOR",
      "AUS",
      "LUX",
      "BGR",
      "FIN",
      "SVK"
    ],
    "color_coding": {
      "red_filled": "Primary group of countries",
      "orange_outline": "Secondary group of countries"
    },
    "notes": "Zoomed-in view of countries experiencing revenue losses; shows variation in how countries are affected by tax system changes"
  }
}