{
  "plot_type": "bar",
  "image_path": "/home/user/imfplots/9781484392935_f0017-01.jpg",
  "plot_area": [
    55,
    35,
    522,
    300
  ],
  "data": {
    "series_0": {
      "x_positions": [
        28,
        29,
        30,
        31,
        32,
        33,
        34,
        35,
        36,
        37,
        38,
        39,
        40,
        41,
        42,
        43,
        44,
        45,
        46,
        47,
        48,
        49,
        50,
        51,
        52,
        92,
        93,
        94,
        95,
        96,
        97,
        98,
        99
      ],
      "values": [
        54.339622641509436,
        54.71698113207547,
        54.71698113207547,
        54.71698113207547,
        54.71698113207547,
        54.71698113207547,
        54.71698113207547,
        54.71698113207547,
        54.71698113207547,
        54.71698113207547,
        54.71698113207547,
        54.71698113207547,
        54.71698113207547,
        54.71698113207547,
        54.71698113207547,
        54.71698113207547,
        54.71698113207547,
        54.71698113207547,
        54.71698113207547,
        54.71698113207547,
        54.71698113207547,
        54.71698113207547,
        54.71698113207547,
        54.71698113207547,
        54.71698113207547,
        75.84905660377359,
        75.84905660377359,
        75.84905660377359,
        75.84905660377359,
        75.84905660377359,
        75.84905660377359,
        75.84905660377359,
        75.84905660377359
      ],
      "color": [
        217,
        140,
        149
      ],
      "labels": [
        "Non-resource rich",
        "Non-resource rich",
        "Non-resource rich",
        "Non-resource rich",
        "Non-resource rich",
        "Non-resource rich",
        "Non-resource rich",
        "Non-resource rich",
        "Non-resource rich",
        "Non-resource rich",
        "Non-resource rich",
        "Non-resource rich",
        "Non-resource rich",
        "Non-resource rich",
        "Non-resource rich",
        "Non-resource rich",
        "Non-resource rich",
        "Non-resource rich",
        "Non-resource rich",
        "Non-resource rich",
        "Non-resource rich",
        "Non-resource rich",
        "Resource rich",
        "Resource rich",
        "Resource rich",
        "Resource rich",
        "Resource rich",
        "Resource rich",
        "Resource rich",
        "Resource rich",
        "Resource rich",
        "Resource rich",
        "Resource rich"
      ]
    },
    "series_1": {
      "x_positions": [
        5,
        6,
        7,
        8,
        9,
        10,
        11,
        12,
        13,
        14,
        15,
        16,
        17,
        18,
        19,
        20,
        21,
        22,
        23,
        24,
        25,
        26,
        27,
        28,
        68,
        69,
        70,
        71,
        72,
        73,
        74,
        75,
        76,
        77,
        78,
        79,
        80,
        81,
        82,
        83,
        84,
        85,
        86,
        87,
        88,
        89,
        90,
        91
      ],
      "values": [
        51.698113207547166,
        51.320754716981135,
        51.320754716981135,
        51.320754716981135,
        51.320754716981135,
        51.320754716981135,
        51.320754716981135,
        51.320754716981135,
        51.320754716981135,
        51.320754716981135,
        51.320754716981135,
        51.320754716981135,
        51.320754716981135,
        51.320754716981135,
        51.320754716981135,
        51.320754716981135,
        51.320754716981135,
        51.320754716981135,
        51.320754716981135,
        51.320754716981135,
        51.320754716981135,
        51.320754716981135,
        51.320754716981135,
        51.320754716981135,
        96.98113207547169,
        96.60377358490567,
        96.60377358490567,
        96.60377358490567,
        96.60377358490567,
        96.60377358490567,
        96.60377358490567,
        96.60377358490567,
        96.60377358490567,
        96.60377358490567,
        96.60377358490567,
        96.60377358490567,
        96.60377358490567,
        96.60377358490567,
        96.60377358490567,
        96.60377358490567,
        96.60377358490567,
        96.60377358490567,
        96.60377358490567,
        96.60377358490567,
        96.60377358490567,
        96.60377358490567,
        96.60377358490567,
        96.60377358490567
      ],
      "color": [
        144,
        178,
        213
      ],
      "labels": [
        "Non-resource rich",
        "Non-resource rich",
        "Non-resource rich",
        "Non-resource rich",
        "Non-resource rich",
        "Non-resource rich",
        "Non-resource rich",
        "Non-resource rich",
        "Non-resource rich",
        "Non-resource rich",
        "Non-resource rich",
        "Non-resource rich",
        "Non-resource rich",
        "Non-resource rich",
        "Non-resource rich",
        "Non-resource rich",
        "Non-resource rich",
        "Non-resource rich",
        "Non-resource rich",
        "Non-resource rich",
        "Non-resource rich",
        "Non-resource rich",
        "Non-resource rich",
        "Non-resource rich",
        "Resource rich",
        "Resource rich",
        "Resource rich",
        "Resource rich",
        "Resource rich",
        "Resource rich",
        "Resource rich",
        "Resource rich",
        "Resource rich",
        "Resource rich",
        "Resource rich",
        "Resource rich",
        "Resource rich",
        "Resource rich",
        "Resource rich",
        "Resource rich",
        "Resource rich",
        "Resource rich",
        "Resource rich",
        "Resource rich",
        "Resource rich",
        "Resource rich",
        "Resource rich",
        "Resource rich"
      ]
    },
    "series_3": {
      "x_positions": [
        91
      ],
      "values": [
        76.22641509433963
      ],
      "color": [
        112,
        105,
        120
      ],
      "labels": [
        "Resource rich"
      ]
    },
    "series_4": {
      "x_positions": [
        28,
        29,
        30,
        31,
        32,
        33,
        34,
        35,
        36,
        37,
        38,
        39,
        40,
        41,
        42,
        43,
        44,
        45,
        46,
        47,
        48,
        49,
        50,
        51,
        52,
        91,
        92,
        93,
        94,
        95,
        96,
        97,
        98,
        99
      ],
      "values": [
        54.339622641509436,
        54.71698113207547,
        54.339622641509436,
        54.339622641509436,
        54.339622641509436,
        54.339622641509436,
        54.339622641509436,
        54.339622641509436,
        54.339622641509436,
        54.339622641509436,
        54.339622641509436,
        54.339622641509436,
        54.339622641509436,
        54.339622641509436,
        54.339622641509436,
        54.339622641509436,
        54.339622641509436,
        54.339622641509436,
        54.339622641509436,
        54.339622641509436,
        54.339622641509436,
        54.339622641509436,
        54.339622641509436,
        54.339622641509436,
        54.71698113207547,
        75.84905660377359,
        76.22641509433963,
        76.22641509433963,
        76.22641509433963,
        76.22641509433963,
        76.22641509433963,
        76.22641509433963,
        76.22641509433963,
        76.22641509433963
      ],
      "color": [
        204,
        104,
        114
      ],