{
  "plot_type": "bar",
  "image_path": "/home/user/imfplots/9781484392935_f0014-02.jpg",
  "plot_area": [
    55,
    37,
    522,
    316
  ],
  "data": {
    "series_0": {
      "x_positions": [
        21,
        22,
        23,
        24,
        25,
        26,
        27,
        28,
        29,
        30,
        31,
        32,
        33,
        34,
        35,
        36,
        37,
        38,
        39,
        40,
        41,
        42,
        43,
        44,
        45,
        46,
        47,
        48,
        49,
        50,
        51,
        52,
        53,
        54,
        82,
        83,
        84,
        85,
        86,
        87,
        88,
        89,
        90,
        91,
        92,
        93,
        94,
        95,
        96,
        97,
        98,
        99
      ],
      "values": [
        51.25448028673835,
        51.25448028673835,
        51.25448028673835,
        51.25448028673835,
        51.25448028673835,
        51.25448028673835,
        51.25448028673835,
        51.25448028673835,
        51.25448028673835,
        51.25448028673835,
        51.25448028673835,
        51.25448028673835,
        51.25448028673835,
        51.25448028673835,
        51.25448028673835,
        51.25448028673835,
        89.96415770609319,
        89.6057347670251,
        89.6057347670251,
        89.6057347670251,
        89.6057347670251,
        89.6057347670251,
        89.6057347670251,
        89.6057347670251,
        89.6057347670251,
        89.6057347670251,
        89.6057347670251,
        89.6057347670251,
        89.6057347670251,
        89.6057347670251,
        89.6057347670251,
        89.6057347670251,
        89.6057347670251,
        89.96415770609319,
        73.83512544802868,
        74.19354838709677,
        74.19354838709677,
        74.19354838709677,
        74.19354838709677,
        74.19354838709677,
        74.19354838709677,
        74.19354838709677,
        74.19354838709677,
        74.19354838709677,
        74.19354838709677,
        74.19354838709677,
        74.19354838709677,
        74.19354838709677,
        74.19354838709677,
        74.19354838709677,
        74.19354838709677,
        74.19354838709677
      ],
      "color": [
        199,
        153,
        155
      ]
    },
    "series_1": {
      "x_positions": [
        4,
        5,
        6,
        7,
        8,
        9,
        10,
        11,
        12,
        13,
        14,
        15,
        16,
        17,
        18,
        19,
        20,
        21,
        22,
        23,
        24,
        25,
        26,
        27,
        28,
        29,
        30,
        31,
        32,
        33,
        34,
        35,
        36,
        37,
        65,
        66,
        67,
        68,
        69,
        70,
        71,
        72,
        73,
        74,
        75,
        76,
        77,
        78,
        79,
        80,
        81,
        82,
        83,
        99
      ],
      "values": [
        60.93189964157706,
        60.93189964157706,
        60.93189964157706,
        60.93189964157706,
        60.93189964157706,
        60.93189964157706,
        60.93189964157706,
        60.93189964157706,
        60.93189964157706,
        60.93189964157706,
        60.93189964157706,
        60.93189964157706,
        60.93189964157706,
        60.93189964157706,
        60.93189964157706,
        60.93189964157706,
        60.93189964157706,
        51.25448028673835,
        51.25448028673835,
        51.25448028673835,
        51.25448028673835,
        51.25448028673835,
        51.25448028673835,
        51.25448028673835,
        51.25448028673835,
        51.25448028673835,
        51.25448028673835,
        51.25448028673835,
        51.25448028673835,
        51.25448028673835,
        51.25448028673835,
        51.25448028673835,
        51.25448028673835,
        51.25448028673835,
        66.66666666666666,
        66.66666666666666,
        66.66666666666666,
        66.66666666666666,
        66.66666666666666,
        66.66666666666666,
        66.66666666666666,
        66.66666666666666,
        66.66666666666666,
        66.66666666666666,
        66.66666666666666,
        66.66666666666666,
        66.66666666666666,
        66.66666666666666,
        66.66666666666666,
        66.66666666666666,
        66.66666666666666,
        74.19354838709677,
        74.19354838709677,
        74.19354838709677
      ],
      "color": [
        141,
        162,
        183
      ]
    },
    "series_3": {
      "x_positions": [
        20,
        21,
        66,
        67,
        68,
        69,
        70,
        71,
        72,
        73,
        74,
        75,
        76,
        77,
        78,
        79,
        80,
        81,
        82
      ],
      "values": [
        60.57347670250897,
        51.25448028673835,
        67.02508960573476,
        67.02508960573476,
        67.02508960573476,
        67.02508960573476,
        67.02508960573476,
        67.02508960573476,
        67.02508960573476,
        67.02508960573476,
        67.02508960573476,
        67.02508960573476,
        67.02508960573476,
        67.02508960573476,
        67.02508960573476,
        67.02508960573476,
        67.02508960573476,
        67.02508960573476,
        67.02508960573476
      ],
      "color": [
        114,
        117,
        128
      ]
    },
    "series_4": {
      "x_positions": [
        4,
        20,
        21,
        22,
        23,
        24,
        25,
        26,
        27,
        28,
        29,
        30,
        31,
        32,
        33,
        34,
        35,
        36,
        37,
        65,
        66,
        82,
        83,
        84,
        85,
        86,
        87,
        88,
        89,
        90,
        91,
        92,
        93,
        94,
        95,
        96,
        97,
        98,
        99
      ],
      "values": [
        60.57347670250897,
        60.93189964157706,
        51.61290322580645,
        51.25448028673835,
        51.25448028673835,
        51.25448028673835,
        51.25448028673835,
        51.25448028673835,
        51.25448028673835,
        51.25448028673835,
        51.25448028673835,
        51.25448028673835,
        51.25448028673835,
        51.25448028673835,
        51.25448028673835,
        51.25448028673835,
        51.25448028673835,
        51.25448028673835,
        51.61290322580645,
        67.02508960573476,
        67.38351254480287,
        74.55197132616487,
        74.55197132616487,
        74.55197132616487,
        74.55197132616487,
        74.55197132616487,
        74.55197132616487,
        74.55197132616487,
        74.55197132616487,
        74.55197132616487,
        74.55197132616487,
        74.55197132616487,
        74.55197132616487,
        74.55197132616487,
        74.55197132616487,
        74.55197132616487,
        74.55197132616487,
        74.55197132616487,
        74.55197132616487
      ],
      "color": [
        185,
        190,
        194
      ]
    }
  },
  "metadata": {
    "title": "Tax Revenue Comparison by Trade Balance Status",
    "description": "Comparison of current revenue, CFT revenue, and DBCFT revenue for countries with trade deficit vs surplus",
    "plot_type": "grouped_bar_chart",
    "x_axis": {
      "label": "Trade Status",
      "type": "categorical",
      "categories": [
        "Trade deficit",
        "Trade surplus"
      ]
    },
    "y_axis": {
      "label": "Percent of GDP",
      "unit": "percent",
      "range": [
        0,
        4
      ]
    },
    "series": {
      "Current revenue": {
        "color": "blue_gray",
        "description": "Current tax revenue under CIT system"
      },
      "CFT revenue": {
        "color": "light_gray",
        "description": "Cash Flow Tax revenue (no border adjustment)"
      },
      "DBCFT revenue": {
        "color": "pink",