{
  "plot_type": "bar",
  "image_path": "/home/user/imfplots/9781484392935_f0019-01.jpg",
  "plot_area": [
    55,
    37,
    522,
    317
  ],
  "data": {
    "series_0": {
      "x_positions": [
        35,
        36,
        37,
        38,
        39,
        40,
        41,
        42,
        43,
        44,
        45,
        46,
        47,
        48,
        49,
        50,
        51,
        52,
        53,
        54,
        55,
        56,
        57,
        58,
        59,
        60,
        61,
        62,
        63,
        64,
        65,
        66,
        67,
        68,
        69,
        70,
        71,
        72,
        73,
        74,
        75,
        76,
        79,
        80,
        81,
        82,
        83,
        84,
        85,
        99
      ],
      "values": [
        33.57142857142857,
        33.92857142857143,
        31.785714285714285,
        33.57142857142857,
        33.57142857142857,
        38.21428571428571,
        38.57142857142858,
        38.21428571428571,
        38.21428571428571,
        38.21428571428571,
        41.42857142857143,
        43.214285714285715,
        44.285714285714285,
        45.357142857142854,
        46.07142857142857,
        46.07142857142857,
        48.214285714285715,
        49.28571428571429,
        49.642857142857146,
        48.57142857142857,
        47.5,
        52.5,
        53.57142857142857,
        54.285714285714285,
        54.64285714285714,
        56.42857142857143,
        57.49999999999999,
        57.85714285714286,
        56.07142857142857,
        60.0,
        60.0,
        59.64285714285714,
        62.5,
        63.92857142857142,
        65.71428571428571,
        65.71428571428571,
        65.71428571428571,
        65.35714285714286,
        64.64285714285715,
        65.71428571428571,
        65.35714285714286,
        65.35714285714286,
        73.92857142857143,
        74.28571428571429,
        73.57142857142858,
        71.78571428571429,
        73.92857142857143,
        73.57142857142858,
        73.92857142857143,
        91.07142857142857
      ],
      "color": [
        177,
        189,
        207
      ],
      "values_actual": [
        0.03571428571428559,
        0.08928571428571441,
        -0.23214285714285765,
        0.03571428571428559,
        0.03571428571428559,
        0.7321428571428559,
        0.7857142857142865,
        0.7321428571428559,
        0.7321428571428559,
        0.7321428571428559,
        1.2142857142857144,
        1.4821428571428577,
        1.6428571428571423,
        1.803571428571428,
        1.9107142857142856,
        1.9107142857142856,
        2.2321428571428577,
        2.392857142857144,
        2.446428571428571,
        2.2857142857142856,
        2.125,
        2.875,
        3.0357142857142847,
        3.1428571428571423,
        3.196428571428571,
        3.4642857142857135,
        3.625,
        3.678571428571429,
        3.4107142857142865,
        4.0,
        4.0,
        3.946428571428571,
        4.375,
        4.5892857142857135,
        4.857142857142856,
        4.857142857142856,
        4.857142857142856,
        4.803571428571429,
        4.696428571428573,
        4.857142857142856,
        4.803571428571429,
        4.803571428571429,
        6.089285714285715,
        6.142857142857142,
        6.035714285714288,
        5.767857142857144,
        6.089285714285715,
        6.035714285714288,
        6.089285714285715,
        8.660714285714285
      ],
      "values_unit": "percent"
    },
    "series_2": {
      "x_positions": [
        18,
        21,
        25,
        35,
        37,
        40,
        42,
        47,
        48,
        50,
        53,
        57,
        61,
        62,
        65,
        68,
        71,
        80,
        88,
        94
      ],
      "values": [
        16.071428571428573,
        18.928571428571427,
        22.142857142857142,
        31.428571428571427,
        33.214285714285715,
        36.42857142857142,
        37.857142857142854,
        42.142857142857146,
        43.57142857142857,
        45.357142857142854,
        47.85714285714286,
        51.78571428571429,
        54.64285714285714,
        56.07142857142857,
        59.285714285714285,
        61.78571428571429,
        65.0,
        72.85714285714285,
        80.35714285714286,
        85.0
      ],
      "color": [
        168,
        121,
        118
      ],
      "values_actual": [
        -2.589285714285714,
        -2.1607142857142856,
        -1.6785714285714288,
        -0.2857142857142856,
        -0.017857142857143238,
        0.4642857142857135,
        0.6785714285714288,
        1.321428571428572,
        1.5357142857142856,
        1.803571428571428,
        2.178571428571429,
        2.7678571428571432,
        3.196428571428571,
        3.4107142857142865,
        3.8928571428571423,
        4.267857142857142,
        4.75,
        5.928571428571427,
        7.053571428571429,
        7.75
      ],
      "values_unit": "percent"
    },
    "series_3": {
      "x_positions": [
        69
      ],
      "values": [
        62.5
      ],
      "color": [
        86,
        75,
        78
      ],
      "values_actual": [
        4.375
      ],
      "values_unit": "percent"
    },
    "series_4": {
      "x_positions": [
        35,
        36,
        37,
        38,
        39,
        40,
        41,
        42,
        43,
        44,
        45,
        46,
        47,
        48,
        49,
        50,
        51,
        52,
        53,
        54,
        55,
        56,
        57,
        58,
        59,
        60,
        61,
        62,
        63,
        64,
        65,
        66,
        67,
        68,
        69,
        70,
        71,
        72,
        73,
        74,
        75,
        76,
        82,
        83,
        84,
        85,
        86
      ],
      "values": [
        33.214285714285715,
        31.428571428571427,
        32.5,
        32.857142857142854,
        33.214285714285715,
        37.857142857142854,
        32.857142857142854,
        32.142857142857146,
        37.5,
        37.857142857142854,
        37.857142857142854,
        37.857142857142854,
        36.42857142857142,
        45.357142857142854,
        45.357142857142854,
        44.642857142857146,
        45.714285714285715,
        49.28571428571429,
        47.5,
        48.92857142857142,
        49.28571428571429,
        52.85714285714286,
        53.57142857142857,
        54.64285714285714,
        55.714285714285715,
        56.785714285714285,
        57.49999999999999,
        55.714285714285715,
        56.785714285714285,
        57.49999999999999,
        57.85714285714286,
        58.92857142857143,
        63.21428571428571,
        63.57142857142857,
        65.35714285714286,
        65.35714285714286,
        64.28571428571429,
        64.28571428571429,
        65.35714285714286,
        65.35714285714286,
        65.35714285714286,
        64.64285714285715,
        73.57142857142858,
        73.57142857142858,
        73.92857142857143,
        73.57142857142858,
        72.85714285714285
      ],
      "color": [
        88,
        133,
        183
      ],